simulation_id,flow_lpm,irradiance,power_scale,nominal_absorbed_W,scaled_absorbed_W,added_absorbed_W,front_cell_source_fraction,downstream_source_fraction,T8_model,T8_experiment,T9_pair_model,T9_pair_experiment,T10_pair_model,T10_pair_experiment,T3_model,T3_experiment,T2_model,T2_experiment,T9_minus_T8_model,T9_minus_T8_experiment,T10_minus_T8_model,T10_minus_T8_experiment,mean_nu,mean_effectiveness,receiver_gas_heat,receiver_to_tube_heat,receiver_to_cavity_heat,flange_heat_loss
E67,15.2805125,456000.0,1.0,131.6928,131.6928,0.0,0.6365105278484928,0.3634894721515072,664.4165450651486,931.6279999999999,638.6888301795442,978.8844999999999,593.3809553364472,851.525,557.4740513875436,763.414,312.4486360052573,326.43699999999995,-25.727714885604428,47.25649999999996,-71.03558972870144,-80.10299999999995,11.442985482775,0.8749341967789098,80.84012021017622,20.6151935015001,25.65157346435389,22.30173164120296
E68,12.499871559633025,456000.0,1.0,131.6928,131.6928,0.0,0.6365105278484928,0.3634894721515072,732.2083772569163,1012.649,694.2453905774743,1034.3225,636.1855116941537,874.425,593.2858455623812,773.207,320.0807074841829,338.52,-37.962986679442,21.67349999999999,-96.0228655627626,-138.22400000000005,9.6227271071472,0.9104400005818519,74.07723525060608,21.5922002700365,29.381782741511874,25.63134283210193
E69,10.499733944954128,456000.0,1.0,131.6928,131.6928,0.0,0.6365105278484928,0.3634894721515072,787.3724041914072,1058.429,737.873248414804,1057.554,668.2697703262852,874.796,619.5085302465641,769.76,329.71948918178833,344.308,-49.499155776603175,-0.875,-119.10263386512202,-183.63300000000004,8.506847211363185,0.9351618514112467,68.86936591523988,22.452208316233328,31.995404140298604,27.847870609607586
E70,9.107139705882352,456000.0,1.0,131.6928,131.6928,0.0,0.6365105278484928,0.3634894721515072,838.7157805657282,1152.474,775.1689791567899,1107.001,692.5677474803609,891.828,637.6377887839819,779.518,327.8856450478093,352.421,-63.546801408938336,-45.472999999999956,-146.14803308536727,-260.64599999999996,7.678571398917114,0.9539649928851923,62.21417838617733,23.606640261836876,35.02936827283995,29.044264300062334
E71,7.126846153846151,456000.0,1.0,131.6928,131.6928,0.0,0.6365105278484928,0.3634894721515072,921.4308192245439,1203.298,832.6025502497147,1107.827,728.1073558484419,865.1495,663.9095021780568,753.56,333.4063564582442,356.00399999999996,-88.82826897482926,-95.471,-193.32346337610204,-338.1485,6.62908037198818,0.9769557099091558,52.2084822652545,25.111366684400984,39.02358860477255,30.546017666842953
E72,18.707575757575754,304000.0,1.0,87.7952,87.7952,0.0,0.6365105278484928,0.3634894721515072,508.8527606412545,737.656,495.7560788978816,784.5055,471.1978371532054,709.0819999999999,452.3210456835566,652.9549999999999,303.9371542428175,309.928,-13.096681743372926,46.849500000000035,-37.65492348804912,-28.57400000000007,14.561939859477526,0.826001179175855,57.4291137677193,13.275679164103298,15.119046190668374,13.03175666433876
E73,13.170870967741934,304000.0,1.0,87.7952,87.7952,0.0,0.6365105278484928,0.3634894721515072,577.4031506622424,837.694,552.9661954251512,881.0165,516.3503039494763,769.5799999999999,490.6802692995313,694.626,313.1943275578653,325.12,-24.436955237091183,43.32249999999999,-61.052846712766154,-68.11400000000003,10.914239967856624,0.8835502338839958,51.34276435910648,14.647010717782274,18.858866728806863,16.81206564392457
E74,9.023245901639344,304000.0,1.0,87.7952,87.7952,0.0,0.6365105278484928,0.3634894721515072,665.8138700388936,948.538,620.0384138089925,949.0,563.5058519226811,785.9005,527.9738171524065,697.672,316.0771396183215,333.964,-45.775456229901124,0.4619999999999891,-102.30801811621245,-162.63750000000005,8.232905685524702,0.9406750622092543,42.10583246133091,16.879715764572946,23.85170335471869,19.810413011921316
E75,6.944410852713178,304000.0,1.0,87.7952,87.7952,0.0,0.6365105278484928,0.3634894721515072,730.4054020756208,1008.725,664.958281414925,966.9335,592.2448858657255,773.0355,549.7035328867635,681.066,319.4379423598512,336.517,-65.44712066069587,-41.79150000000004,-138.16051620989538,-235.68950000000007,6.995010080338145,0.9690878849458173,35.47238745987262,18.353477003688134,27.083273662496683,21.236251329480094
E76,4.526673611111114,304000.0,1.0,87.7952,87.7952,0.0,0.6365105278484928,0.3634894721515072,826.539538252647,1067.693,724.5451703441079,958.9124999999999,626.2829900792302,738.733,574.6691110602669,647.019,323.99491304704156,338.123,-101.99436790853918,-108.78050000000007,-200.25654817341683,-328.96000000000004,5.686177883448184,0.9930433605190703,25.578041653279143,19.85144910470343,31.42438612680045,22.33803376528621
E77,13.84748387096774,256000.0,1.0,73.9328,73.9328,0.0,0.6365105278484928,0.3634894721515072,524.4077892453013,565.544,504.82894670800016,612.8895,474.691732831235,559.0129999999999,453.41306255592724,525.356,310.2224935864106,308.37,-19.578842537301114,47.345500000000015,-49.71605641406626,-6.531000000000063,11.73075231793271,0.8678780598026811,43.43169309696539,13.06526485915793,15.283248031210736,13.17794414845455
E78,10.009137614678897,256000.0,1.0,73.9328,73.9328,0.0,0.6365105278484928,0.3634894721515072,589.3352917225776,631.689,555.3859558630413,674.727,512.1716427300933,597.8979999999999,484.6811973022777,554.4549999999999,311.8509243226702,312.95899999999995,-33.94933585953629,43.03800000000001,-77.16364899248435,-33.791000000000054,9.079588318486358,0.9209196338305355,37.39995365322482,14.187302551856309,19.130117052275008,16.127996965099072
E79,8.033490566037736,256000.0,1.0,73.9328,73.9328,0.0,0.6365105278484928,0.3634894721515072,633.364093385504,676.213,587.0721614066133,705.0854999999999,533.1201350039552,609.0455,500.64734965790683,560.0329999999999,314.57450952276884,314.96,-46.291931978890716,28.872499999999945,-100.24395838154885,-67.16750000000002,7.852564594368032,0.9492362463320372,33.021739476460155,15.40461186967526,21.37396757529036,17.258413690234878
E80,6.605050847457628,256000.0,1.0,73.9328,73.9328,0.0,0.6365105278484928,0.3634894721515072,674.2204961879579,710.3340000000001,614.5758106838382,724.2919999999999,550.4084405323564,614.1274999999999,513.7829611084338,561.2539999999999,315.1858727609409,316.11899999999997,-59.64468550411971,13.957999999999856,-123.81205565560151,-96.20650000000012,6.980490407812672,0.9692689130009186,28.921464303673048,16.258460833796693,23.486808576762016,18.12444814948448
E81,4.527140495867768,256000.0,1.0,73.9328,73.9328,0.0,0.6365105278484928,0.3634894721515072,750.6813441764936,760.0609999999999,662.2015433161799,739.203,578.077725774756,608.3705,534.0883733206856,550.499,320.11871847048997,319.315,-88.47980086031362,-20.857999999999947,-172.60361840173755,-151.69049999999993,5.779678919396908,0.991798885572091,21.47287073984168,17.7001900636597,26.856812383281035,19.062150860763463
