variant,simulation_id,z_mm,Tperim_K,Tcore_K,Tgas_in_K,Tgas_out_K,Nu,h_W_m2K,k_perim_W_m_K,effectiveness,Qgas_W,Qcore_source_W,Qperim_source_W,Qcore_perim_W,Qrear_core_sink_W,Qrear_perim_sink_W,active_flow_fraction,flange_scale,cool_core_mult
initial_energy_accounting,E76,2.74,1048.6407959701417,1112.029150242737,296.4675,1112.0290932105981,14.020985402472594,489.8674515099633,3.8945031092861724,0.9999999300701073,79.72992744868645,112.78364811631873,4.378920943313946,-12.408024117753161,0.0,0.0,1.0,0.10148436787927062,5.0
initial_energy_accounting,E76,8.220000000000002,1068.966431944534,1098.6076298107055,1112.0290932105981,1098.6076588675548,8.575487537264946,419.12461636609225,4.125380481974755,0.9999978350461046,-1.4180537815098397,0.0,4.3695397537796925,-5.8021493415164445,0.0,0.0,1.0,0.10148436787927062,5.0
initial_energy_accounting,E76,13.700000000000001,1075.6292703349363,1088.044808512026,1098.6076588675548,1088.0449914354363,7.255909535458935,351.64512633203407,4.2030024428514245,0.9999826823817435,-1.1139083527205997,0.0,4.360178662053972,-2.4302933701942786,0.0,0.0,1.0,0.10148436787927062,5.0
initial_energy_accounting,E76,19.180000000000003,1074.8203899732246,1078.3444971831934,1088.0449914354363,1078.3450501140346,6.503648850630539,312.92994567604643,4.193527514302665,0.9999429997248871,-1.0212789609180004,0.0,4.350837625080983,-0.6898302970100304,0.0,0.0,1.0,0.10148436787927062,5.0
initial_energy_accounting,E76,24.66,1069.5347662707268,1068.436742010768,1078.3450501140346,1068.4380120056821,5.996778428066911,286.52837386041705,4.131963968691337,0.9998718252500012,-1.041436313919303,0.0,4.341516599896374,0.21493398362822097,0.0,0.0,1.0,0.10148436787927062,5.0
initial_energy_accounting,E76,30.14,1061.2473286453771,1057.7234534100564,1068.4380120056821,1057.725967127735,5.624393930423306,266.7518808664823,4.03665503508398,0.9997653923252156,-1.124165657104483,0.0,4.332215543627245,0.6897848888737553,0.0,0.0,1.0,0.10148436787927062,5.0
initial_energy_accounting,E76,35.620000000000005,1050.6739903230525,1045.847135497315,1057.725967127735,1045.8516313865878,5.3360883705324795,251.01804404530637,3.917200045137905,0.9996215209195237,-1.2438147294851667,0.0,4.3229344134939645,0.944838082293237,0.0,0.0,1.0,0.10148436787927062,5.0
initial_energy_accounting,E76,41.1,1038.14088973138,1032.5713803681256,1045.8516313865878,1032.5788355315917,5.105035647498945,237.9559867289286,3.77868507507725,0.9994386278199352,-1.3873681424177833,0.0,4.313673166806989,1.0902098231818165,0.0,0.0,1.0,0.10148436787927062,5.0
initial_energy_accounting,E76,46.580000000000005,1023.7713241468053,1017.7185490240811,1032.5788355315917,1017.7302121130224,4.915422232316142,226.7577525015621,3.6239374180054167,0.9992151504659498,-1.548363689532842,0.0,4.304431760969363,1.1848072183594809,0.0,0.0,1.0,0.10148436787927062,5.0
initial_energy_accounting,E76,52.06,1007.5844379336031,1001.1369248225055,1017.7302121130224,1001.1543613225114,4.757242812529613,216.90923763633612,3.4547463013181448,0.9989491835041182,-1.7237580686761829,0.0,4.295210153474902,1.2620756462297886,0.0,0.0,1.0,0.10148436787927062,5.0
initial_energy_accounting,E76,57.54,989.5521681667507,982.6827890261617,1001.1543613225114,982.7079434804966,4.6238404815489735,208.0630793575552,3.2725620585372135,0.9986382071904147,-1.9123343405740374,0.0,4.286008301908872,1.3446542827704953,0.0,0.0,1.0,0.10148436787927062,5.0
initial_energy_accounting,E76,63.02,969.6408351738962,962.209182595339,982.7079434804966,962.2444644016153,4.510629313202074,199.97252107403884,3.0789631965393602,0.9982788322438612,-2.1139762143522396,0.0,4.276826163946629,1.4547171241100705,0.12557594800900496,0.0,1.0,0.10148436787927062,5.0
initial_energy_accounting,E76,68.50000000000001,947.8575600088734,939.6353996385199,962.2444644016153,939.6836325065167,4.41433502353397,192.45792670720215,2.8760805281186346,0.9978666579753644,-2.321362582991792,0.0,4.267663697354982,1.6094559536385975,0.5307104252762833,0.0,1.0,0.10148436787927062,5.0
initial_energy_accounting,E76,73.98000000000002,924.2942640937958,915.0408214960139,939.6836325065167,915.1049800050965,4.3324684330143794,185.39251465170514,2.6668745115423946,0.9973964614241726,-2.517680439498767,0.0,4.258520859991057,1.8113254436574269,1.1820996893679923,0.0,1.0,0.10148436787927062,5.0
initial_energy_accounting,E76,79.46000000000002,899.1484798831273,888.6518159500034,915.1049800050965,888.7348115856975,4.263012862970556,178.6918822117759,2.4550822704231945,0.9968625440978952,-2.6878171364520793,0.0,4.249397609802068,2.054681190776053,2.0406706461785076,0.0,1.0,0.10148436787927062,5.0
initial_energy_accounting,E76,84.94000000000001,872.7294368425306,860.8261790434304,888.7348115856975,860.9305838176323,4.204265320092033,172.3034914663057,2.244970720881665,0.9962590508852891,-2.818694464667592,0.0,4.240293904825094,2.330016476148235,3.064403552180076,0.0,1.0,0.10148436787927062,5.0
initial_energy_accounting,E76,90.42000000000002,845.4534765809412,832.0330802545153,860.9305838176323,832.1607955859957,4.15472642819388,166.1993029579951,2.040990343026263,0.9955804026046229,-2.8997573266663714,0.0,4.23120970318753,2.6269904495704948,4.210798147319053,0.0,1.0,0.10148436787927062,5.0
initial_energy_accounting,E76,95.90000000000002,817.8312307027343,802.8276816550051,832.1607955859957,802.9795719165562,4.11301969884796,160.37023374673402,1.8474082552077016,0.9948218841713022,-2.923477717959944,0.0,4.222144963106636,2.9368864450327044,5.439822938002031,0.0,1.0,0.10148436787927062,5.0
initial_energy_accounting,E76,101.38000000000001,790.4495675478454,773.8214802488163,802.9795719165562,773.996999270451,4.077829058953195,154.82166857880307,1.6679933137972285,0.9939804352207003,-2.8856705732012475,0.0,4.213099642888853,3.2548834972302916,6.717048023822723,0.0,1.0,0.10148436787927062,5.0
initial_energy_accounting,E76,106.86000000000001,763.9535350643372,745.6510799678742,773.996999270451,745.8479232012944,4.047848906180661,149.56962521253607,1.5058185450310384,0.9930556765042987,-2.7854653668435105,0.0,4.204073700929804,3.582634489521487,8.016656176605354,0.0,1.0,0.10148436787927062,5.0
initial_energy_accounting,E76,112.34,739.0370086505883,718.9489010141266,745.8479232012944,719.1627170482549,4.021745228110077,144.63741029517377,1.3632338707064928,0.9920511596057082,-2.624888454215977,0.0,4.195067095714293,3.932169037885848,9.324082547868565,0.0,1.0,0.10148436787927062,5.0
initial_energy_accounting,E76,117.82000000000002,716.4557270582067,694.3185545321074,719.1627170482549,694.5427547637642,3.998130228705558,140.0527026144726,1.242052297919013,0.9909757380023972,-2.40818099751206,0.0,4.186079785816539,4.333265530470693,10.638124360858049,0.0,1.0,0.10148436787927062,5.0
initial_energy_accounting,E76,123.30000000000003,697.0848192202899,672.3146468220374,694.5427547637642,672.5403774238073,3.9755572779252364,135.84493072110342,1.144006999862277,0.9898448125966586,-2.141183418404491,0.0,4.177111729899483,4.848665027596354,11.972403845161386,0.0,1.0,0.10148436787927062,5.0
initial_energy_accounting,E76,128.78,682.0602341382728,653.4208728581923,672.5403774238073,653.6372868807102,3.9525495319976147,132.04251049773958,1.0716179909976766,0.9886809816763157,-1.8313746351858033,0.0,4.168162886713437,5.606043721408254,13.355894021295416,0.0,1.0,0.10148436787927062,5.0
initial_energy_accounting,E76,134.26000000000002,673.081638265131,638.0094072497691,653.6372868807102,638.2045484201657,3.9276877270798933,128.6688493377044,1.0298525204289708,0.9875132663544307,-1.4895942318405855,0.0,4.159233215098574,6.8652529837040035,14.831502256556519,0.0,1.0,0.10148436787927062,5.0
